date,keyword,rank,top1,top2,top3,rank_organic,location
2026-08-11,fineline tattoo münchen,25,pigmentera-ink.de,www.instagram.com,viktoriatattooart.com
2026-08-11,fine line tattoo münchen,30,pigmentera-ink.de,www.instagram.com,viktoriatattooart.com
2026-08-11,tattoo freising,26,www.lovehate-tattoo.de,www.nekomatatattoo.com,www.instagram.com
2026-08-11,munich tattoo,,tattoostudiomunich.de,www.instagram.com,www.reddit.com
2026-08-11,walk in tattoo münchen,7,tempel-muenchen.de,kisha.tattoo,www.reddit.com
2026-08-11,bester tätowierer münchen,,geheimtippmuenchen.de,inkppl.com,www.reddit.com
2026-08-11,tattoo artist münchen,,geheimtippmuenchen.de,www.reddit.com,inkppl.com
2026-08-11,tattoo kosten,13,www.inklabs.de,atelierhannibal.de,inkppl.com
2026-08-11,tattoo preise,5,www.inklabs.de,kisha.tattoo,www.holapapayatattoo.de
2026-08-11,was kostet kleines tattoo,11,www.katharsis-studio.de,www.kenneth-zach-tattoocoach.de,www.holapapayatattoo.de
2026-08-11,tattoo münchen,,geheimtippmuenchen.de,muenchen.mitvergnuegen.com,www.giesink-tattoo.de
2026-08-25,fineline tattoo münchen,30,pigmentera-ink.de,www.instagram.com,viktoriatattooart.com
2026-08-25,fine line tattoo münchen,31,pigmentera-ink.de,www.instagram.com,viktoriatattooart.com
2026-08-25,tattoo freising,25,www.lovehate-tattoo.de,www.nekomatatattoo.com,www.instagram.com
2026-08-25,munich tattoo,,tattoostudiomunich.de,www.instagram.com,www.reddit.com
2026-08-25,walk in tattoo münchen,4,kisha.tattoo,tempel-muenchen.de,www.reddit.com
2026-08-25,bester tätowierer münchen,,geheimtippmuenchen.de,inkppl.com,www.reddit.com
2026-08-25,tattoo artist münchen,,geheimtippmuenchen.de,www.reddit.com,muenchen.mitvergnuegen.com
2026-08-25,tattoo kosten,17,www.inklabs.de,atelierhannibal.de,www.holapapayatattoo.de
2026-08-25,tattoo preise,8,www.inklabs.de,inkppl.com,atelierhannibal.de
2026-08-25,was kostet kleines tattoo,24,www.katharsis-studio.de,www.inklabs.de,www.holapapayatattoo.de
2026-08-25,tattoo münchen,,geheimtippmuenchen.de,muenchen.mitvergnuegen.com,www.golden-geometry-tattoo-muenchen.de
2026-09-02,fineline tattoo münchen,26,pigmentera-ink.de,www.instagram.com,viktoriatattooart.com,19,"Munich,Bavaria,Germany"
2026-09-02,fine line tattoo münchen,44,pigmentera-ink.de,www.instagram.com,viktoriatattooart.com,25,"Munich,Bavaria,Germany"
2026-09-02,tattoo freising,15,www.lovehate-tattoo.de,www.nekomatatattoo.com,www.instagram.com,6,"Munich,Bavaria,Germany"
2026-09-02,munich tattoo,,tattoostudiomunich.de,www.instagram.com,www.tattoo-noir.de,,"Munich,Bavaria,Germany"
2026-09-02,walk in tattoo münchen,5,tempel-muenchen.de,kisha.tattoo,www.giesink-tattoo.de,2,"Munich,Bavaria,Germany"
2026-09-02,bester tätowierer münchen,,geheimtippmuenchen.de,inkppl.com,www.reddit.com,,"Munich,Bavaria,Germany"
2026-09-02,tattoo artist münchen,,geheimtippmuenchen.de,www.reddit.com,muenchen.mitvergnuegen.com,,"Munich,Bavaria,Germany"
2026-09-02,tattoo münchen,,geheimtippmuenchen.de,muenchen.mitvergnuegen.com,www.tattoo-noir.de,,"Munich,Bavaria,Germany"
2026-09-02,tattoo kosten,22,www.inklabs.de,atelierhannibal.de,www.reddit.com,16,Germany
2026-09-02,tattoo preise,22,www.inklabs.de,inkppl.com,atelierhannibal.de,15,Germany
2026-09-02,was kostet kleines tattoo,26,www.katharsis-studio.de,www.kenneth-zach-tattoocoach.de,www.catink-tattoo.de,18,Germany
2026-09-02,tattoo kosten,13,www.inklabs.de,www.holapapayatattoo.de,tattooine-sayagata.com,9,"Munich,Bavaria,Germany"
2026-09-02,tattoo preise,5,www.inklabs.de,kisha.tattoo,www.holapapayatattoo.de,2,"Munich,Bavaria,Germany"
2026-09-02,was kostet kleines tattoo,6,www.katharsis-studio.de,www.holapapayatattoo.de,kisha.tattoo,3,"Munich,Bavaria,Germany"
