date,keyword,our_organic,our_absolute,ai_overview,ai_refs,top10
2026-08-25,"tattoo münchen",,,no,"","muenchen.mitvergnuegen.com|geheimtippmuenchen.de|www.golden-geometry-tattoo-muenchen.de|www.reddit.com|surface-tattoo.de|www.giesink-tattoo.de|www.instagram.com|www.maxjosef.de|branchenbuch.portal.muenchen.de|inkppl.com"
2026-08-25,"tätowierer münchen",,,no,"","geheimtippmuenchen.de|muenchen.mitvergnuegen.com|inkppl.com|tatowierer.com|tempel-muenchen.de|www.golden-geometry-tattoo-muenchen.de|www.instagram.com|surface-tattoo.de|prime-ink-muenchen.de|www.maxjosef.de"
2026-08-25,"tattoo studio münchen",,,no,"","geheimtippmuenchen.de|muenchen.mitvergnuegen.com|www.giesink-tattoo.de|www.golden-geometry-tattoo-muenchen.de|www.tattoo-noir.de|www.maxjosef.de|surface-tattoo.de|www.instagram.com|www.muenchen.de|www.muenchen.de"
2026-08-25,"fineline tattoo münchen",,,yes,"pigmentera-ink.de|viktoriatattooart.com|www.danuvue.com|surface-tattoo.de|prime-ink-muenchen.de","pigmentera-ink.de|www.instagram.com|viktoriatattooart.com|surface-tattoo.de|prime-ink-muenchen.de|www.reddit.com|geheimtippmuenchen.de|www.danuvue.com|www.golden-geometry-tattoo-muenchen.de|www.instagram.com"
2026-08-25,"japanisches tattoo münchen",,,no,"","www.goldenfudo.com|starkov.tattoo|yancoo-tattoo.de|www.facebook.com|branchenbuch.portal.muenchen.de|www.instagram.com|hitsforlifetattoo-muenchen.com|surface-tattoo.de|tattooine-sayagata.com|13munich.de"
2026-08-25,"blackwork tattoo münchen",7,12,no,"","www.blackrabbit.ink|tempel-muenchen.de|www.instagram.com|www.golden-geometry-tattoo-muenchen.de|blackheartmunich.de|13munich.de|kisha.tattoo|surface-tattoo.de|www.instagram.com|www.christianeisenhofer.com"
2026-10-08,"tattoo münchen",,,no,"","www.atelier-kleinerprinz.com|www.planity.com|www.gelbeseiten.de|www.toms.tattoo|www.dynamite-tattoo.de|orte.muenchen.de|www.instagram.com|www.kleinanzeigen.de|www.tattoola.de|www.instagram.com"
2026-10-08,"tätowierer münchen",,,no,"","surface-tattoo.de|surface-tattoo.de|www.tattooanansi.de|tattoostudiomunich.de|tempel-muenchen.de|branchenbuch.portal.muenchen.de|www.facebook.com|viktoriatattooart.com|13munich.de|www.listando.com"
2026-10-08,"tattoo studio münchen",,,no,"","muenchen.mitvergnuegen.com|geheimtippmuenchen.de|www.muenchen.de|www.tattoo-noir.de|www.golden-geometry-tattoo-muenchen.de|www.amaz-ink.de|www.reddit.com|www.giesink-tattoo.de|surface-tattoo.de|inkppl.com"
2026-10-08,"fineline tattoo münchen",,,yes,"pigmentera-ink.de|www.danuvue.com|prime-ink-muenchen.de|kisha.tattoo|www.google.com|www.instagram.com","www.instagram.com|www.instagram.com|www.facebook.com|www.instagram.com|www.instagram.com|www.facebook.com|www.instagram.com|www.tiktok.com|www.werkenntdenbesten.de|www.instagram.com"
2026-10-08,"japanisches tattoo münchen",16,20,no,"","starkov.tattoo|www.instagram.com|starkov.tattoo|www.facebook.com|www.instagram.com|www.instagram.com|www.instagram.com|www.facebook.com|www.facebook.com|de.pinterest.com"
2026-10-08,"blackwork tattoo münchen",,,no,"","www.instagram.com|www.instagram.com|www.instagram.com|www.instagram.com|www.instagram.com|www.instagram.com|www.instagram.com|www.facebook.com|www.instagram.com|www.facebook.com"
