Популярные запросы,Kлики,Показы,CTR,Позиция
kisha tattoo,6,136,4.41%,3.01
tattoo freising,2,90,2.22%,24.33
fineline tattoo münchen,1,142,0.7%,19.42
walk in tattoo münchen,1,119,0.84%,13.18
walk in tattoo,1,10,10%,7.7
tattoo neufahrn,0,68,0%,8.81
fine line tattoo münchen,0,64,0%,20.98
was kostet ein tattoo,0,51,0%,1
grafik tattoo münchen,0,45,0%,4.09
tattoo münchen fine line,0,40,0%,21.62
bedeutung geisha tattoo,0,39,0%,37.28
tattoo,0,34,0%,3.18
tätowierer freising,0,33,0%,14.18
linework tattoo münchen,0,32,0%,22.38
fineline tattoos münchen,0,32,0%,28.28
tattoo preise münchen,0,30,0%,9.6
tebori münchen,0,29,0%,9.45
blackwork tattoo münchen,0,28,0%,22.5
tattoo fineline münchen,0,28,0%,41.68
japanischer tätowierer,0,27,0%,28.26
kisha,0,26,0%,4.96
kleine tattoos preise,0,25,0%,11.04
tattoo kosten,0,25,0%,14.84
tattoo studio freising,0,25,0%,73.28
tattoo münchen preise,0,23,0%,11.39
tattoo preis,0,21,0%,14.52
choice,0,18,0%,5.72
tattoo neufahrn bei freising,0,18,0%,48.33
tattoostudio freising,0,18,0%,61.06
sakura tattoo münchen,0,17,0%,8.88
tattoo münchen walk in,0,17,0%,10.59
japanische tattoos bedeutung,0,17,0%,44.76
fine art tattoo münchen,0,16,0%,39.94
kitsune tattoo münchen,0,14,0%,6.86
tattoo eching,0,14,0%,12.79
japanese tattoo artist munich,0,14,0%,22.64
preise tattoo preise,0,13,0%,10.31
münchen walk in tattoo,0,12,0%,10.5
tiger tattoo münchen,0,12,0%,38.25
grafik tätowierung münchen,0,11,0%,2.91
fine line tattoos münchen,0,11,0%,17.91
arm tattoo münchen,0,11,0%,28.45
tattoo preise,0,10,0%,9.9
girl tattoo,0,9,0%,7.78
fineline münchen,0,9,0%,10.89
one line tattoo münchen,0,9,0%,50.11
татуювання тіла мюнхен,0,8,0%,2.75
fineline tattoo,0,8,0%,3.75
тату хвилі мюнхен,0,8,0%,8.38
koi tattoo münchen,0,8,0%,11.38
tattoo walk in münchen,0,8,0%,12.62
tattoo in der nähe,0,7,0%,1.71
japanese tattoo,0,7,0%,4.71
linework tätowierung münchen,0,7,0%,5.57
minimal tattoo münchen,0,7,0%,42.57
тату рукав японський мюнхен,0,6,0%,2.5
tätowierer in der nähe,0,6,0%,4.33
new tattoo,0,6,0%,6.33
kitsune tätowierung münchen,0,6,0%,7
tattoo münchen ohne termin,0,6,0%,10
tattoo münchen fineline,0,6,0%,12.17
иллюстрация тату мюнхен,0,6,0%,20.33
münchen tattoo fineline,0,6,0%,27.5
custom tattoo designs munich,0,6,0%,31.5
тату студия графика мюнхен,0,6,0%,33.17
koi fisch tattoo münchen,0,6,0%,39.33
тату эскиз мюнхен,0,6,0%,54.33
back piece tattoo münchen,0,6,0%,56.5
piercing neufahrn,0,6,0%,57.67
japanische tattoos deutschland,0,6,0%,64.17
black and grey tattoo munich,0,6,0%,71
fine tattoo studio munich,0,6,0%,73
was kostet ein tatoo,0,5,0%,1
tätowierer,0,5,0%,2
tebori tätowierer münchen,0,5,0%,4.4
tattoo bedeutung münchen,0,5,0%,5.4
hannya tattoo münchen,0,5,0%,6.2
japanischer tiger tattoo bedeutung,0,5,0%,8.8
лайнворк тату мюнхен,0,5,0%,10
blackwork tattoos munich,0,5,0%,12.4
hannya mask tattoo munich,0,5,0%,21.2
tätowierer münchen kosten,0,5,0%,24
bestes fineline tattoo münchen,0,5,0%,32.6
feine linien tätowierung münchen,0,5,0%,35.6
best fine line artist munich,0,5,0%,42
grafische tattoos münchen,0,5,0%,60
experte für japanische tattoos,0,5,0%,93.8
kosten für ein tattoo,0,4,0%,1
grateful tattoo fineline,0,4,0%,3
her choice,0,4,0%,3.75
тату графіка мюнхен,0,4,0%,4
freising tattoo,0,4,0%,4.25
masterpiece,0,4,0%,4.5
soon,0,4,0%,5.25
ability,0,4,0%,5.75
тату ілюстрації мюнхен,0,4,0%,7
тату для жінок мюнхен,0,4,0%,7.25
münchen fineline tattoo,0,4,0%,11.5
tattoo studio münchen walk in,0,4,0%,11.75
delicate line tattoos munich,0,4,0%,34.25
tattoo studio münchen fineline,0,4,0%,37.75
japanische tattoo bedeutung,0,4,0%,38.75
tattoo aesthetic munich,0,4,0%,52.5
женские тату мюнхен,0,4,0%,62.25
irezumi tattoo deutschland,0,4,0%,70.5
tattoo stil münchen,0,4,0%,82.5
experte für asiatische tattoos,0,4,0%,85
full sleeve tattoo kosten,0,3,0%,1
custom style,0,3,0%,1.33
тату значення ліній мюнхен,0,3,0%,1.67
artist,0,3,0%,7
was kostet ein kleines tattoo,0,3,0%,8
tattoopreise 2026,0,3,0%,9.33
münchen tattoo walk in,0,3,0%,10.33
koi fish tattoo munich,0,3,0%,12
was kostet kleines tattoo,0,3,0%,16
fine line tattoo design munich,0,3,0%,17.67
tattoo preise klein,0,3,0%,21.67
тату стиль линия мюнхен,0,3,0%,23.67
тату стиль мюнхен,0,3,0%,32
feine linien tattoo münchen,0,3,0%,39.33
тату тренди 2026 мюнхен,0,3,0%,41.67
japanisches tattoo bedeutung,0,3,0%,45.33
japanische tattoo motive,0,3,0%,49.33
linework artist munich,0,3,0%,50.67
blackwork tätowierer münchen,0,3,0%,54
тату художник по линиям мюнхен,0,3,0%,63.33
modern tattoo style münchen,0,3,0%,71
tattoo schriftzug münchen,0,3,0%,79.33
schmerzen tattoo,0,3,0%,82.67
tattoo schmerzen,0,3,0%,88.33
japanischer tattoo experte,0,3,0%,93.33
fine line tattoo kosten,0,2,0%,1
mini tattoo kosten,0,2,0%,1
was kostet ein tatto,0,2,0%,1
will tattoos,0,2,0%,1
чорно-біле тату мюнхен,0,2,0%,1
tattoo master,0,2,0%,1.5
point create,0,2,0%,2
avenue makeup,0,2,0%,3
site:.tattoo,0,2,0%,3
tattoo near me,0,2,0%,3
nice beauty,0,2,0%,6
tattoopreise,0,2,0%,6.5
art creations,0,2,0%,7
тату графика художник мюнхен,0,2,0%,7.5
kitsune tattoo munich,0,2,0%,8
tattoo studio ohne termin,0,2,0%,8
japanische drachen tattoo münchen,0,2,0%,8.5
тату ручної роботи мюнхен,0,2,0%,8.5
tattoo ohne termin,0,2,0%,9
графічне тату мюнхен,0,2,0%,9
arbeit in der nähe,0,2,0%,10
японське тату мюнхен,0,2,0%,10.5
geisha tattoo munich,0,2,0%,11
kitsune tattoo bedeutung,0,2,0%,12
tiger und drache tattoo bedeutung,0,2,0%,12.5
tattoo ottobrunn,0,2,0%,15.5
15 cm tattoo preis,0,2,0%,17.5
rußmännchen tattoo bedeutung,0,2,0%,18
japanischer drache tattoo bedeutung,0,2,0%,24
rückentattoo kosten,0,2,0%,27
japanische drachen tattoo bedeutung,0,2,0%,35.5
тату реализм мюнхен,0,2,0%,37.5
asiatische motive tattoo,0,2,0%,38.5
tattoo oberschenkel schmerzen,0,2,0%,41.5
тату кой мюнхен,0,2,0%,45.5
tattoo dachau,0,2,0%,46
irezumi deutschland,0,2,0%,56
piercing studio freising,0,2,0%,62.5
стильно тату мюнхен,0,2,0%,76.5
тату мастер мюнхен,0,2,0%,76.5
тату контурное мюнхен,0,2,0%,89.5
bahnhofstraße 1,0,1,0%,1
drachen tattoo rücken japanisch,0,1,0%,1
ever tattoo,0,1,0%,1
fineline tattoo kosten,0,1,0%,1
idea m,0,1,0%,1
job near me,0,1,0%,1
kosten full sleeve tattoo,0,1,0%,1
master tattoo,0,1,0%,1
mini tattoo preis,0,1,0%,1
rin tattoo,0,1,0%,1
tatto artist,0,1,0%,1
tattoo painter,0,1,0%,1
was kostet ein full sleeve tattoo,0,1,0%,1
14 tattoo,0,1,0%,2
best tattoo artist,0,1,0%,2
craft body,0,1,0%,2
even tattoo,0,1,0%,2
frau tattoo,0,1,0%,2
full sleeve tattoo,0,1,0%,2
it style,0,1,0%,2
new idea,0,1,0%,2
rattoo,0,1,0%,2
sakura freising,0,1,0%,2
speed body,0,1,0%,2
tattoo artist near me,0,1,0%,2
tattoo preise fineline,0,1,0%,2
tream tattoo,0,1,0%,2
we tattoo,0,1,0%,2
тату рукав японский мюнхен,0,1,0%,2
cool custom,0,1,0%,3
crom tattoo,0,1,0%,3
my dream,0,1,0%,3
only grams,0,1,0%,3
sakura flower tattoo munich,0,1,0%,3
shisha tattoo,0,1,0%,3
tattoos,0,1,0%,3
best body,0,1,0%,4
job me,0,1,0%,4
speed tatoo,0,1,0%,4
tattoo termin online,0,1,0%,4
walk in tattoos,0,1,0%,4
тату мюнхен,0,1,0%,4
dream beauty,0,1,0%,5
dreams to reality,0,1,0%,5
tatoovierer,0,1,0%,5
tattowierer,0,1,0%,5
tattoo parlors near me walk in,0,1,0%,6
tattos cool,0,1,0%,6
tätowierer fineline in der nähe,0,1,0%,6
what is my address right now,0,1,0%,6
тату для чоловіків мюнхен,0,1,0%,6
my artist,0,1,0%,7
spontan tattoo stechen lassen,0,1,0%,7
tattoo kosten fineline,0,1,0%,7
tattoo preis pro stunde deutschland 2026,0,1,0%,7
toss and turn,0,1,0%,7
tattoo kosten pro stunde deutschland 2026,0,1,0%,8
irezumi münchen,0,1,0%,9
tattoo walk in,0,1,0%,9
walkin tattoo,0,1,0%,9
гарні тату мюнхен,0,1,0%,9
так,0,1,0%,9
for the people,0,1,0%,10
m tattoo,0,1,0%,10
tattoo award,0,1,0%,10
tattoo fineline,0,1,0%,10
tattoo maker,0,1,0%,10
the turn,0,1,0%,10
майстер японського тату мюнхен,0,1,0%,10
cool tattoos,0,1,0%,11
wie viel kostet kleines tattoo,0,1,0%,11
buther,0,1,0%,12
idea,0,1,0%,12
she is her,0,1,0%,12
tattoo artist,0,1,0%,12
tattoo designer,0,1,0%,12
tattoos kosten,0,1,0%,12
körper tattoo münchen,0,1,0%,13
make crafts,0,1,0%,13
pro sleeves,0,1,0%,13
tattoo münchen,0,1,0%,13
walk in tattoo in der nähe,0,1,0%,13
тату художник мюнхен,0,1,0%,13
bodyart,0,1,0%,14
job,0,1,0%,14
koi drachen tattoo bedeutung,0,1,0%,14
tattoo handwerk,0,1,0%,14
tattoo spots,0,1,0%,14
walk in tattoo munich,0,1,0%,14
japanisches sleeve tattoo münchen,0,1,0%,15
тату вдохновение мюнхен,0,1,0%,16
bedeutung japanischer drache,0,1,0%,19
japanese and tattoos,0,1,0%,21
тату реалізм мюнхен,0,1,0%,25
japanese tattoo artist germany,0,1,0%,31
arm tattoo japanisch,0,1,0%,32
knie tattoo schmerzen,0,1,0%,34
katana tattoo bedeutung,0,1,0%,37
zeige mir bilder,0,1,0%,38
custom tattoos,0,1,0%,41
japanische blumen tattoo,0,1,0%,41
japanische blumen tattoos,0,1,0%,43
bedeutung japanische tattoos,0,1,0%,46
piercingstudio freising,0,1,0%,46
japanische tattoos motive,0,1,0%,49
koi tattoo bedeutung,0,1,0%,49
piercing freising,0,1,0%,50
200 euro tattoo preisbeispiele,0,1,0%,51
freising piercing,0,1,0%,51
japanische motive tattoo,0,1,0%,54
tattoo realism munich,0,1,0%,56
tattoo stil test,0,1,0%,58
черное тату мюнхен,0,1,0%,60
japanese tattoo artist,0,1,0%,62
tattoo artist japanese,0,1,0%,65
fuchs tattoo bedeutung,0,1,0%,67
tattoo geisha bedeutung,0,1,0%,69
samurai tattoo bedeutung,0,1,0%,71
schmerzen nach tattoo,0,1,0%,71
kunst tattoo münchen,0,1,0%,72
schmerz tattoo,0,1,0%,86
tattoo preisliste,0,1,0%,86
rücken tattoo münchen,0,1,0%,87
japanese tattoo parlor,0,1,0%,89