Популярные страницы,Kлики,Показы,CTR,Позиция
https://kisha.tattoo/,11,1180,0.93%,15.4
https://kisha.tattoo/walk-in-tattoo-muenchen,5,280,1.79%,11.74
http://kisha.tattoo/,5,135,3.7%,21.01
https://kisha.tattoo/fineline-tattoo-muenchen,4,662,0.6%,24.98
https://kisha.tattoo/tattoo-preise-muenchen,2,735,0.27%,8.76
https://kisha.tattoo/en,1,205,0.49%,12.72
https://kisha.tattoo/about,1,106,0.94%,23.27
https://kisha.tattoo/tattoo-neufahrn,1,77,1.3%,37.73
https://kisha.tattoo/en/blog,1,8,12.5%,4.75
https://kisha.tattoo/uk,0,609,0%,19.51
https://kisha.tattoo/grafik-tattoo-muenchen,0,581,0%,39.89
https://kisha.tattoo/japanisches-tattoo-muenchen,0,214,0%,15.5
https://kisha.tattoo/motive,0,200,0%,23.63
https://kisha.tattoo/tattoo-freising,0,164,0%,53.16
https://kisha.tattoo/booking,0,125,0%,9.91
https://kisha.tattoo/blog/fineline-tattoo-ideen-muenchen,0,102,0%,47.67
https://kisha.tattoo/en/,0,58,0%,4.72
https://kisha.tattoo/works,0,39,0%,18.97
https://kisha.tattoo/blog/japan-tattoo-bedeutung-irezumi-motive,0,33,0%,36.39
https://kisha.tattoo/blog/blackwork-graphic-tattoo-bedeutung-ideen,0,30,0%,43.63
https://kisha.tattoo/blog,0,29,0%,13.93
https://kisha.tattoo/uk/motive,0,28,0%,9.82
https://kisha.tattoo/tattoo-eching,0,25,0%,35.92
https://kisha.tattoo/awards,0,17,0%,17.41
https://kisha.tattoo/contact,0,16,0%,12
https://kisha.tattoo/blog/tattoo-schmerzen-was-du-wirklich-fuehlen-wirst,0,14,0%,58.86
https://kisha.tattoo/faq,0,9,0%,15.67
https://kisha.tattoo/blog/tattoo-placement-muenchen,0,9,0%,16.67
https://kisha.tattoo/aftercare,0,9,0%,22.67
https://kisha.tattoo/blog/wie-du-deinen-tattoo-stil-findest,0,7,0%,23
https://kisha.tattoo/blog/erste-tattoo-ideen-wie-nicht-bereuen,0,5,0%,33.2
https://kisha.tattoo/uk/grafik-tattoo-muenchen,0,4,0%,10.5
https://kisha.tattoo/en/tattoo-eching,0,4,0%,12.5
https://kisha.tattoo/en/booking,0,3,0%,2
https://kisha.tattoo/uk/blog/fineline-tattoo-ideen-muenchen,0,3,0%,4.33
https://kisha.tattoo/tattoo-ottobrunn,0,2,0%,10
https://kisha.tattoo/uk/blog,0,2,0%,13
https://kisha.tattoo/en/japanisches-tattoo-muenchen,0,2,0%,13.5
https://kisha.tattoo/tattoo-dachau,0,2,0%,46
https://kisha.tattoo/en/contact,0,1,0%,4
https://kisha.tattoo/en/fineline-tattoo-muenchen,0,1,0%,8
https://kisha.tattoo/blog/wie-tattoos-altern,0,1,0%,11
https://kisha.tattoo/_next/image?url=/images/home/works-05-flowers-graphic.jpg&w=1920&q=75,0,1,0%,13